Metric,Train Data
Score,0.903198
MSE,15202678.308421936
MAE,2116.4360903318498
R2,0.903197685574727
